"Status","Start Time","Stop Time","Duration in ms","Parent Suite","Suite","Sub Suite","Test Class","Test Method","Name","Description"
"broken","Wed Oct 07 17:35:09 UTC 2026","Wed Oct 07 17:35:49 UTC 2026","40086","","android.login.LoginTest","","android.login.LoginTest","checkViewHiddenAndVisiblePasswordTest","Скрытие и отображение значения поля Пароль",""
"broken","Wed Oct 07 17:34:49 UTC 2026","Wed Oct 07 17:35:29 UTC 2026","40082","","android.login.LoginTest","","android.login.LoginTest","checkValidationLoginFieldTest","Валидация поля Логин Невалидный логин: «USER123»",""
"broken","Wed Oct 07 17:34:09 UTC 2026","Wed Oct 07 17:34:49 UTC 2026","39941","","android.login.LoginTest","","android.login.LoginTest","checkValidationLoginFieldTest","Валидация поля Логин Невалидный логин: «user#»",""
"broken","Wed Oct 07 17:34:29 UTC 2026","Wed Oct 07 17:35:09 UTC 2026","40081","","android.login.LoginTest","","android.login.LoginTest","checkValidationPasswordFieldTest","Валидация длины поля Пароль Невалидный пароль длиной 3 символов, ошибка: «Длина меньше допустимой»",""
"broken","Wed Oct 07 17:35:29 UTC 2026","Wed Oct 07 17:36:09 UTC 2026","40098","","android.login.LoginTest","","android.login.LoginTest","checkValidationLoginFieldTest","Валидация поля Логин Невалидный логин: «iIiIiIiIiIiIiIiIiIiIiIiIiIiIiIiIiIiIiIiIiIiIiIiIiIO»",""
"broken","Wed Oct 07 17:35:49 UTC 2026","Wed Oct 07 17:36:29 UTC 2026","40086","","android.login.LoginTest","","android.login.LoginTest","checkRemoveInvalidSymbolsAfterPasteTest","Удаление недопустимых символов после вставки из буфера обмена Поле Пароль: вставка значения «      iIiIiIiIiIiIiIiIiIiIiIiIiIiIiIiIiIiIiIiIiIiIiIiIiIO    »",""
"broken","Wed Oct 07 17:36:09 UTC 2026","Wed Oct 07 17:36:50 UTC 2026","40090","","android.login.LoginTest","","android.login.LoginTest","checkValidationLoginFieldTest","Валидация поля Логин Невалидный логин: «Артем»",""
"broken","Wed Oct 07 17:36:29 UTC 2026","Wed Oct 07 17:37:10 UTC 2026","40082","","android.login.LoginTest","","android.login.LoginTest","checkRemoveInvalidSymbolsAfterPasteTest","Удаление недопустимых символов после вставки из буфера обмена Поле Логин: вставка значения «user#123»",""
"broken","Wed Oct 07 17:33:49 UTC 2026","Wed Oct 07 17:34:29 UTC 2026","40243","","android.login.LoginTest","","android.login.LoginTest","checkValidationPasswordFieldTest","Валидация длины поля Пароль Невалидный пароль длиной 51 символов, ошибка: «Длина превышает допустимую»",""
"broken","Wed Oct 07 17:33:24 UTC 2026","Wed Oct 07 17:34:09 UTC 2026","45620","","android.login.LoginTest","","android.login.LoginTest","checkValidationLoginFieldTest","Валидация поля Логин Невалидный логин: «tri»",""
